text,link
Overweight and obesity management - quality standard,https://www.nice.org.uk/guidance/qs212
Headaches in over 12s: diagnosis and management ,https://www.nice.org.uk/guidance/cg150
Diagnosis and management of pituitary adenomas in childhood and adolescence,https://www.cclg.org.uk/guidelines/pituitary-adenomas
Maternal and child nutrition: nutrition and weight management in pregnancy&nbsp;and nutrition in children up to 5 years,https://www.nice.org.uk/guidance/ng247
Overweight and obesity management ,https://www.nice.org.uk/guidance/ng246
Diagnosis of death by neurological criteria (DNC) in infants children and adolescents&nbsp;,https://www.rcpch.ac.uk/resources/diagnosis-death-neurological-criteria-dnc-infants-less-two-months-old-clinical-guideline
Retinopathy of prematurity: Screening,https://www.rcpch.ac.uk/rop
Sepsis: recognition diagnosis and early management,https://www.nice.org.uk/guidance/ng51
Asthma: diagnosis monitoring and chronic asthma management,https://www.nice.org.uk/guidance/ng245/chapter/Rationale-and-impact
Acute kidney injury: prevention detection and management,https://www.nice.org.uk/guidance/ng148/chapter/Update-information
Neonatal infection (NICE QS75 2024),https://www.nice.org.uk/guidance/qs75
Epileps,https://www.nice.org.uk/guidance/qs27
ies in children young people and adults (NICE QS211 2023),https://www.nice.org.uk/guidance/qs211
nitial management of IgA vasculitis (Henoch Schönlein Purpura) in children and young people,https://ukkidney.org/sites/renal.org/files/R2vFINAL_IgA%20vasculitis%20-%20initial%20management220523.pdf
Occupational therapy and play (RCOT 2023),https://www.rcot.co.uk/practice-resources/rcot-practice-guidelines/occupational-therapy-and-play-practice-guidelines
Attention deficit hyperactivity disorder (NICE QS39 updated 2018<u>)</u>,https://www.nice.org.uk/guidance/qs39
Attention deficit hyperactivity disorder: diagnosis and management (NICE NG87 updated 2019),https://www.nice.org.uk/guidance/ng87
Alcohol-use disorders: diagnosis and management of physical complications (NICE CG100 updated 2017),https://www.nice.org.uk/guidance/cg100
Alcohol-use disorders: diagnosis assessment and management of harmful drinking and alcohol dependence (NICE CG115 reviewed 2019),https://www.nice.org.uk/guidance/cg115
Children and young people exposed prenatally to alcohol (SIGN 156 2019,https://www.sign.ac.uk/our-guidelines/children-and-young-people-exposed-prenatally-to-alcohol/
),https://www.sign.ac.uk/our-guidelines/children-and-young-people-exposed-prenatally-to-alcohol/
Fetal alcohol spectrum disorder (NICE QS204 2022),https://www.nice.org.uk/guidance/qs204
Anaphylaxis: assessment and referral after emergency treatment (NICE CG134 reviewed 2016),https://www.nice.org.uk/guidance/cg134
Adrenal insufficiency: identification and management,https://www.nice.org.uk/guidance/ng243
Antimicrobial stewardship (NICE QS121 2016),https://www.nice.org.uk/guidance/qs121
Antimicrobial stewardship: systems and processes for effective antimicrobial medicine use (NICE NG15 2015),https://www.nice.org.uk/guidance/ng15
Atopic eczema in under 12s: diagnosis and management (NICE CG57 updated 2023),https://www.nice.org.uk/guidance/cg57
Drug allergy (NICE QS97 2015),https://www.nice.org.uk/guidance/qs97
Fever in under 5s (NICE QS64 2014),https://www.nice.org.uk/guidance/qs64
Fever in under 5s: assessment and initial management (NICE NG143 updated 2021),https://www.nice.org.uk/guidance/ng143
Flu vaccination: increasing uptake (NICE NG103 2018),https://www.nice.org.uk/guidance/ng103
Flu vaccination: increasing uptake (NICE QS190 2020),https://www.nice.org.uk/guidance/qs190
Food allergy (NICE QS118 2016),https://www.nice.org.uk/guidance/qs118
Food allergy in under 19s: assessment and diagnosis (NICE CG116 reviewed 2018),https://www.nice.org.uk/guidance/cg116
Vaccine uptake in the general population (NICE NG218 updated 2022),https://www.nice.org.uk/guidance/NG218
Hepatitis B (chronic): diagnosis and management (NICE CG165 updated 2017),https://www.nice.org.uk/guidance/cg165
Management of atopic eczema in primary care ,https://www.sign.ac.uk/our-guidelines/management-of-atopic-eczema-in-primary-care/
8a&nbsp;(NICE PH21 updated 2017),https://www.nice.org.uk/guidance/NG218
(SIGN 125 2011),https://www.sign.ac.uk/our-guidelines/management-of-atopic-eczema-in-primary-care/
Management of hepatitis C (SIGN 133 2013),https://www.sign.ac.uk/our-guidelines/management-of-hepatitis-c/
Sinusitis (acute),https://www.nice.org.uk/guidance/ng79
: antimicrobial prescribing (NICE NG79 2017),https://www.nice.org.uk/guidance/ng79
Meningitis (bacterial) and meningococcal septicaemia in children and young people (NICE QS19 2012),https://www.nice.org.uk/guidance/qs19
Meningitis (bacterial) and meningococcal septicaemia in under 16s: recognition diagnosis and management (NICE CG102 reviewed 2018),https://www.nice.org.uk/guidance/cg102
Paediatrics allergy action care plans (BSACI updated 2018),https://www.bsaci.org/wp-content/uploads/2020/02/BSACIAllergyActionPlan2018NoAAI2981-2.pdf
Prophylaxis against infective endocarditis: antimicrobial prophylaxis against infective endocarditis in adults and children undergoing interventional procedures (NICE CG64 updated 2016),https://www.nice.org.uk/guidance/cg64
Pyelonephritis (acute): antimicrobial prescribing (NICE NG111 2018),https://www.nice.org.uk/guidance/ng111
Surgical site infections: prevention and treatment (NICE NG125 2020),https://www.nice.org.uk/guidance/ng125
Vaccine uptake in under 19s (NICE QS145 2017),https://www.nice.org.uk/guidance/qs145
Antenatal care (NICE NG201 2021),https://www.nice.org.uk/guidance/ng201
Antenatal care (NICE QS22 updated 2023),https://www.nice.org.uk/guidance/qs22
Neonatal infection: antibiotics for prevention and treatment,https://www.nice.org.uk/guidance/ng193
 (NICE NG195 updated March 2024),https://www.nice.org.uk/guidance/ng195
Neonatal infection (NICE QS75 2014),https://www.nice.org.uk/guidance/qs75
Antimicrobial stewardship (NICE QS121 2016),https://www.nice.org.uk/guidance/qs121
Antimicrobial stewardship: systems and processes for effective antimicrobial medicine use (NICE NG15 2015),https://www.nice.org.uk/guidance/ng15
Cellulitis and erysipelas: antimicrobial prescribing (NICE NG141 2019),https://www.nice.org.uk/guidance/NG141
Clostridioides difficile infection: antimicrobial prescribing,https://www.nice.org.uk/guidance/ng153
 (NICE NG199 2021),https://www.nice.org.uk/guidance/ng199
Human and animal bites: antimicrobial prescribing (NICE NG184 2020),https://www.nice.org.uk/guidance/ng184
Impetigo: antimicrobial prescribing (NICE NG153 2020),https://www.nice.org.uk/guidance/ng153
Insect bites and stings: antimicrobial prescribing (NICE NG182 2020),https://www.nice.org.uk/guidance/ng182
Prophylaxis against infective endocarditis: antimicrobial prophylaxis against infective endocarditis in adults and children undergoing interventional procedures (NICE CG64 updated 2016),https://www.nice.org.uk/guidance/cg64
Pyelonephritis (acute): antimicrobial prescribing (NICE NG111 2018),https://www.nice.org.uk/guidance/ng111
Sinusitis (acute),https://www.nice.org.uk/guidance/ng79
: antimicrobial prescribing (NICE NG79 2017),https://www.nice.org.uk/guidance/ng79
Neonatal infection (NICE QS75 2024),https://www.nice.org.uk/guidance/qs75
Neonatal infection: antibiotics for prevention and treatment,https://www.nice.org.uk/guidance/ng193
 (NICE NG195 2021),https://www.nice.org.uk/guidance/ng195
Otitis media (acute): antimicrobial prescribing (NICE NG91 updated 2022),https://www.nice.org.uk/guidance/NG91
Urinary tract infection (recurrent): antimicrobial prescribing,https://www.nice.org.uk/guidance/ng112
Asthma (NICE QS25 updated 2018),https://www.nice.org.uk/guidance/qs25
Asthma: diagnosis monitoring and chronic asthma management (NICE NG80 updated 2021),https://www.nice.org.uk/guidance/ng80
British guideline on the management of asthma (SIGN 158 updated 2019),https://www.sign.ac.uk/our-guidelines/british-guideline-on-the-management-of-asthma/
Children’s attachment: attachment in children and young people who are adopted from care in care or at high risk of going into care (NICE NG26 2015),https://www.nice.org.uk/guidance/ng26
Children's attachment (NICE QS133 2016),https://www.nice.org.uk/guidance/qs133
Otitis media (acute): antimicrobial prescribing (NICE NG91 updated 2022),https://www.nice.org.uk/guidance/NG91
Otitis media with effusion in under 12s (NICE NG233 2023),https://www.nice.org.uk/guidance/ng233
Tinnitus: assessment and management (NICE NG155 2020),https://www.nice.org.uk/guidance/ng155
Assessment diagnosis and interventions for autism spectrum disorders (SIGN 145 2016),https://www.sign.ac.uk/our-guidelines/assessment-diagnosis-and-interventions-for-autism-spectrum-disorders/
Autism (NICE QS51 2014),https://www.nice.org.uk/guidance/qs51
Autism spectrum disorder in under 19s: recognition referral and diagnosis (NICE CG128 updated 2021),https://www.nice.org.uk/guidance/cg128
Autism spectrum disorder in under 19s: support and management (NICE CG170 updated 2021,https://www.nice.org.uk/guidance/cg170
Low back pain and sciatica in over 16s (NICE QS155 2017),https://www.nice.org.uk/guidance/qs155
Low back pain and sciatica in over 16s: assessment and management (NICE NG59 updated 2020),https://www.nice.org.uk/guidance/ng59
Bipolar disorder: assessment and management (NICE CG185 updated 2020),https://www.nice.org.uk/guidance/cg185
Bipolar disorder psychosis and schizophrenia in children and young people (NICE QS102 2015),https://www.nice.org.uk/guidance/qs102
Bronchiolitis in children (NICE QS122 2016),https://www.nice.org.uk/guidance/qs122
Bronchiolitis in children: diagnosis and management (NICE NG9 updated 2021),https://www.nice.org.uk/guidance/ng9
Cerebral palsy in children and young people (NICE QS162 2017),https://www.nice.org.uk/guidance/qs162
Cerebral palsy in under 25s: assessment and management (NICE NG62 2017),https://www.nice.org.uk/guidance/ng62
Myalgic encephalomyelitis (or encephalopathy)/chronic fatigue syndrome: diagnosis and management (NICE NG206 2021),https://www.rcpch.ac.uk/news-events/news/member-briefing-nice-guideline-me-cfs
Palate examination: identification of cleft palate in the newborn - best practice guide (RCPCH 2015,https://www.rcpch.ac.uk/resources/palate-examination-identification-cleft-palate-newborn-best-practice-guide
Coeliac disease (NICE QS134 2016),https://www.nice.org.uk/guidance/qs134
Coeliac disease: recognition assessment and management (NICE NG20 reviewed 2019),https://www.nice.org.uk/guidance/ng20
Antisocial behaviour and conduct disorders in children and young people (NICE QS59 2014),https://www.nice.org.uk/guidance/qs59
Antisocial behaviour and conduct disorders in children and young people: recognition and management (NICE CG158 updated 2017),https://www.nice.org.uk/guidance/cg158
Constipation in children and young people (NICE QS62 2014),https://www.nice.org.uk/guidance/qs62
Constipation in children and young people: diagnosis and management (NICE CG99 updated 2017),https://www.nice.org.uk/guidance/cg99
Quality standards for cardiopulmonary resuscitation and training (RESUS Council updated 2018),https://www.resus.org.uk/quality-standards/
Cystic fibrosis (NICE QS168 2018),https://www.nice.org.uk/guidance/qs168
Cystic fibrosis: diagnosis and management (NICE NG78 2017),https://www.nice.org.uk/guidance/ng78
Guidelines for the performance of the sweat test for the investigation of cystic fibrosis in the UK (Cystic Fibrosis Trust 2014),https://www.acb.org.uk/resource/guidelines-for-the-performance-of-the-sweat-test-for-the-investigation-of-cystic-fibrosis.html
Dental interventions to prevent caries in children (SIGN 138 2014),https://www.sign.ac.uk/our-guidelines/dental-interventions-to-prevent-caries-in-children/
Depression in children and young people (NICE QS48 2013),https://www.nice.org.uk/guidance/qs48
Depression in children and young people: identification and management (NICE NG134 updated 2019),https://www.nice.org.uk/guidance/ng134
Acne vulgaris: management (NICE NG198 2021),https://www.nice.org.uk/guidance/ng198
Cellulitis and erysipelas: antimicrobial prescribing (NICE NG141 2019),https://www.nice.org.uk/guidance/NG141
Impetigo: antimicrobial prescribing (NICE NG153 2020),https://www.nice.org.uk/guidance/ng153
Insect bites and stings: antimicrobial prescribing (NICE NG182 2020),https://www.nice.org.uk/guidance/ng182
Psoriasis: assessment and management (NICE CG153 updated 2017),https://www.nice.org.uk/guidance/cg153
Secondary bacterial infection of eczema and other common skin conditions: antimicrobial prescribing,https://www.nice.org.uk/guidance/ng190
 (NICE NG190 2021),https://www.nice.org.uk/guidance/ng190
Developmental follow-up of children and young people born preterm (NICE NG72 2017),https://www.nice.org.uk/guidance/ng72
Developmental follow-up of children and young people born preterm (NICE QS169 2018),https://www.nice.org.uk/guidance/qs169
Diabetes (type 1 and type 2) in children and young people: diagnosis and management (NICE NG18 updated 2023),https://www.nice.org.uk/guidance/ng18
Diabetes in children and young people (NICE QS125 2016),https://www.nice.org.uk/guidance/qs125
Diabetes in pregnancy: management from preconception to the postnatal period (NICE NG3 updated 2020),https://www.nice.org.uk/guidance/ng3
Diabetes in pregnancy (NICE QS109 updated 2023) ,https://www.nice.org.uk/guidance/qs109
Diabetic foot problems: prevention and management (NICE NG19 updated 2023),https://www.nice.org.uk/guidance/ng19
Management of diabetes (SIGN 116 and 154 updated 2017),https://www.sign.ac.uk/our-guidelines/management-of-diabetes/
Diarrhoea and vomiting caused by gastroenteritis in under 5s: diagnosis and management (NICE CG84 reviewed 2018),https://www.nice.org.uk/guidance/cg84
Donor milk banks: service operation (NICE CG93 reviewed 2018),https://www.nice.org.uk/guidance/cg93
Early years: promoting health and wellbeing in under 5s (NICE QS128 2016),https://www.nice.org.uk/guidance/qs128
Eating disorders (NICE QS175 2018),https://www.nice.org.uk/guidance/qs175
Eating disorders: recognition and treatment (NICE NG69 updated 2020),https://www.nice.org.uk/guidance/ng69
Medical emergencies in eating disorders: guidance on recognition and management (RCPSYCH 2022),https://www.rcpsych.ac.uk/improving-care/campaigning-for-better-mental-health-policy/college-reports/2022-college-reports/cr233
Atopic eczema in under 12s (NICE QS44 2013),https://www.nice.org.uk/guidance/qs44
Atopic eczema in under 12s: diagnosis and management (NICE CG57 updated 2023),https://www.nice.org.uk/guidance/cg57
Management of atopic eczema in primary care (SIGN 125 2011),https://www.sign.ac.uk/our-guidelines/management-of-atopic-eczema-in-primary-care/
Secondary bacterial infection of eczema and other common skin conditions: antimicrobial prescribing,https://www.nice.org.uk/guidance/ng190
 (NICE NG190 2021),https://www.nice.org.uk/guidance/ng190
Human and animal bites: antimicrobial prescribing (NICE NG184 2020),https://www.nice.org.uk/guidance/ng184
Major trauma: assessment and initial management (NICE NG39 2016),https://www.nice.org.uk/guidance/ng39
Major trauma: service delivery (NICE NG40 2016),https://www.nice.org.uk/guidance/ng40
Suspected neurological conditions: recognition and referral (NICE QS198 2021),https://www.nice.org.uk/guidance/qs198
Trauma (NICE QS166 2018),https://www.nice.org.uk/guidance/qs166
End of life care for infants children and young people (NICE QS160 2017),https://www.nice.org.uk/guidance/qs160
End of life care for infants children and young people with life-limiting conditions: planning and management (NICE NG61 updated 2019),https://www.nice.org.uk/guidance/ng61
COVID-19 rapid guideline: managing COVID-19 (NICE NG191 2024),https://www.nice.org.uk/guidance/ng187
Diabetes (type 1 and type 2) in children and young people: diagnosis and management (NICE NG18 updated 2020),https://www.nice.org.uk/guidance/ng18
Diabetes in children and young people (NICE QS125 2016),https://www.nice.org.uk/guidance/qs125
Diabetes in pregnancy: management from preconception to the postnatal period (NICE NG3 updated 2020),https://www.nice.org.uk/guidance/ng3
Diabetic foot problems: prevention and management (NICE NG19 updated 2019),https://www.nice.org.uk/guidance/ng19
Diagnosis and management of pituitary adenomas in childhood and adolescence,https://www.cclg.org.uk/guidelines/pituitary-adenomas
Faltering growth (NICE QS197 2020),https://www.nice.org.uk/guidance/qs197
Faltering growth: recognition and management of faltering growth in children (NICE NG75 2017),https://www.nice.org.uk/guidance/ng75
Familial hypercholesterolaemia: identification and management (NICE CG71 updated 2019),https://www.nice.org.uk/guidance/cg71
Guidelines for the management of children and young people (CYP) aged &lt;19 years with Craniopharyngioma (CCLG 2021),https://www.cclg.org.uk/guidelines/endocrine/craniopharyngioma
Investigation and management of Idiopathic thickened pituitary stalk (iTPS) and/or idiopathic central diabetes insipidus (CDI) (CCLG 2021),https://www.cclg.org.uk/guidelines/endocrine/TPS-and-CDI
Management of diabetes (SIGN 116 and 154 updated 2017),https://www.sign.ac.uk/our-guidelines/management-of-diabetes/
Obesity in children and young people: prevention and lifestyle weight management programmes (NICE QS94 2015),https://www.nice.org.uk/guidance/qs94
Obesity: clinical assessment and management (NICE QS127 2016),https://www.nice.org.uk/guidance/qs127
Thyroid disease: assessment and management (NICE NG145 2019),https://www.nice.org.uk/guidance/ng145
Thyroid disorders in children and young people with down syndrome: surveillance and when to initiate treatment (DSMIG 2020),https://www.dsmig.org.uk/wp-content/uploads/2020/04/FINAL_Thyroid-Disorder-in-Down-Syndrome-Guideline-with-all-logos-v7.1_230420.pdf
Paediatric differentiated thyroid carcinoma: UK National Clinical Practice Consensus Guideline,https://www.cclg.org.uk/write/MediaUploads/Guidelines/Paed_DTC_ERC_final_CCLG.pdf
Vitamin D: supplement use in specific population groups (NICE PH56 updated 2017),https://www.nice.org.uk/guidance/ph56
Epilepsies in children young people and adults (NICE NG217 2022),https://www.nice.org.uk/guidance/ng217
Epileps,https://www.nice.org.uk/guidance/qs27
ies in children young people and adults (NICE QS211 2023)&nbsp;,https://www.nice.org.uk/guidance/qs211
Fever in under 5s (NICE QS64 2022),https://www.nice.org.uk/guidance/qs64
Fever in under 5s: assessment and initial management (NICE NG143 updated 2021),https://www.nice.org.uk/guidance/ng143
Fractures (complex): assessment and management (NICE NG37 updated 2022,https://www.nice.org.uk/guidance/ng37
Fractures (non-complex): assessment and management (NICE NG38 2018),https://www.nice.org.uk/guidance/ng38
Alcohol-use disorders: diagnosis and management of physical complications (NICE CG100 updated 2017),https://www.nice.org.uk/guidance/cg100
Alcohol-use disorders: diagnosis assessment and management of harmful drinking and alcohol dependence (NICE CG115 reviewed 2019),https://www.nice.org.uk/guidance/cg115
Cannabis-based medicinal products (NICE NG144 updated 2021),https://www.nice.org.uk/guidance/ng144
Children and young people exposed prenatally to alcohol (SIGN 156 2019),https://www.sign.ac.uk/our-guidelines/children-and-young-people-exposed-prenatally-to-alcohol/
Children’s continence commissioning guide: a handbook for the commissioning and running of children’s community continence services (The Paediatric Continence Forum Update 2019),https://www.bbuk.org.uk/wp-content/uploads/2019/12/PCF-Childrens-Continence-Commissioning-Guide-Dec-2019.pdf
Clostridioides difficile infection: antimicrobial prescribing,https://www.nice.org.uk/guidance/ng153
 (NICE NG199 2021),https://www.nice.org.uk/guidance/ng199
Coeliac disease (NICE QS134 2016),https://www.nice.org.uk/guidance/qs134
Coeliac disease: recognition assessment and management (NICE NG20 reviewed 2019),https://www.nice.org.uk/guidance/ng20
Constipation in children and young people (NICE QS62 2014),https://www.nice.org.uk/guidance/qs62
Constipation in children and young people: diagnosis and management (NICE CG99 updated 2017),https://www.nice.org.uk/guidance/cg99
Crohn’s disease: management (NICE NG129 updated 2019),https://www.nice.org.uk/guidance/ng129
Diarrhoea and vomiting caused by gastroenteritis in under 5s: diagnosis and management (NICE CG84 reviewed 2018),https://www.nice.org.uk/guidance/cg84
Gastro-oesophageal reflux disease in children and young people: diagnosis and management (NICE NG1 updated 2019),https://www.nice.org.uk/guidance/ng1
Gastro-oesophageal reflux in children and young people (NICE QS112 2016),https://www.nice.org.uk/guidance/qs112
Liver disease (NICE QS152 2017),https://www.nice.org.uk/guidance/qs152
Pancreatitis (NICE NG104 updated 2020),https://www.nice.org.uk/guidance/ng104
Ulcerative colitis: management (NICE NG130 2019),https://www.nice.org.uk/guidance/ng130
Urinary tract infection (recurrent): antimicrobial prescribing,https://www.nice.org.uk/guidance/ng112
Acne vulgaris: management (NICE NG198 2021),https://www.nice.org.uk/guidance/ng198
Babies children and young people's experience of healthcare (NICE NG204 2021),https://www.nice.org.uk/guidance/ng204
Behaviour change: digital and mobile health interventions (NICE NG183 2020),https://www.nice.org.uk/guidance/NG183
Cannabis-based medicinal products (NICE NG144 updated 2021),https://www.nice.org.uk/guidance/ng144
Cellulitis and erysipelas: antimicrobial prescribing (NICE NG141 2019),https://www.nice.org.uk/guidance/NG141
Children’s continence commissioning guide: a handbook for the commissioning and running of children’s community continence services (The Paediatric Continence Forum Update 2019),https://www.bbuk.org.uk/wp-content/uploads/2019/12/PCF-Childrens-Continence-Commissioning-Guide-Dec-2019.pdf
Heavy menstrual bleeding (NICE QS47 2020),https://www.nice.org.uk/guidance/qs47
Heavy menstrual bleeding: assessment and management (NICE NG88 updated 2021),https://www.nice.org.uk/guidance/ng88
Impetigo: antimicrobial prescribing (NICE NG153 2020),https://www.nice.org.uk/guidance/ng153
Occupational therapy and play (RCOT 2023),https://www.rcot.co.uk/practice-resources/rcot-practice-guidelines/occupational-therapy-and-play-practice-guidelines
Suicide prevention (NICE QS189 2019),https://www.nice.org.uk/guidance/qs189
Thyroid disease: assessment and management (NICE NG145 2019),https://www.nice.org.uk/guidance/ng145
Ulcerative colitis: management (NICE NG130 2019),https://www.nice.org.uk/guidance/ng130
Endometriosis: diagnosis and management ,https://www.nice.org.uk/guidance/ng73
COVID-19 rapid guideline: reducing the risk of venous thromboembolism in over 16s with COVID-19 (NICE NG186 2020),https://www.nice.org.uk/guidance/ng186
Abusive head trauma and the eye in infancy (RCPCH-RCOphth 2023),https://www.rcophth.ac.uk/resources-listing/abusive-head-trauma-and-the-eye-in-infancy/
Head injury (NICE QS74 2023),https://www.nice.org.uk/guidance/qs74
Head injury: assessment and early management (NICE NG232 updated 2023),https://www.nice.org.uk/guidance/ng232
Headaches in over 12s (NICE QS42 2013),https://www.nice.org.uk/guidance/qs42
Headaches in over 12s: diagnosis and management ,https://www.nice.org.uk/guidance/cg150
Hepatitis B (chronic): diagnosis and management (NICE CG165 updated 2017),https://www.nice.org.uk/guidance/cg165
Management of hepatitis C (SIGN 133 2013),https://www.sign.ac.uk/our-guidelines/management-of-hepatitis-c/
Familial hypercholesterolaemia: identification and management (NICE CG71 updated 2019),https://www.nice.org.uk/guidance/cg71
Flu vaccination: increasing uptake (NICE NG103 2018),https://www.nice.org.uk/guidance/ng103
Flu vaccination: increasing uptake (NICE QS190 2020),https://www.nice.org.uk/guidance/qs190
Healthcare-associated infections: prevention and control in primary and community care (NICE CG139 updated 2017),https://www.nice.org.uk/guidance/cg139
Prevention of early-onset neonatal group B streptococcal disease (RCOG 2017),https://www.rcog.org.uk/en/guidelines-research-services/guidelines/gtg36/
Sinusitis (acute),https://www.nice.org.uk/guidance/ng79
: antimicrobial prescribing (NICE NG79 2017),https://www.nice.org.uk/guidance/ng79
Surgical site infections: prevention and treatment (NICE NG125 2020),https://www.nice.org.uk/guidance/ng125
Vaccine uptake in under 19s (NICE QS145 2017),https://www.nice.org.uk/guidance/qs145
Urinary tract infection (recurrent): antimicrobial prescribing,https://www.nice.org.uk/guidance/ng112
Clostridioides difficile infection: antimicrobial prescribing,https://www.nice.org.uk/guidance/ng153
 (NICE NG199 2021),https://www.nice.org.uk/guidance/ng199
COVID-19 rapid guideline: managing COVID-19 (NICE NG191 2024),https://www.nice.org.uk/guidance/ng187
COVID-19 rapid guideline: managing the long-term effects of COVID-19 (NICE NG188 2024),https://www.nice.org.uk/guidance/ng188
COVID-19 rapid guideline: reducing the risk of venous thromboembolism in over 16s with COVID-19 (NICE NG186 2020),https://www.nice.org.uk/guidance/ng186
COVID-19 rapid guideline: vitamin D (NICE NG187 2020),https://www.nice.org.uk/guidance/ng187
Hepatitis B (chronic): diagnosis and management (NICE CG165 updated 2017),https://www.nice.org.uk/guidance/cg165
Human and animal bites: antimicrobial prescribing (NICE NG184 2020),https://www.nice.org.uk/guidance/ng184
Insect bites and stings: antimicrobial prescribing (NICE NG182 2020),https://www.nice.org.uk/guidance/ng182
Lyme disease (NICE NG95 updated 2018),https://www.nice.org.uk/guidance/ng95
Lyme disease (NICE QS186 2019),https://www.nice.org.uk/guidance/qs186
Management of hepatitis C (SIGN 133 2013),https://www.sign.ac.uk/our-guidelines/management-of-hepatitis-c/
Secondary bacterial infection of eczema and other common skin conditions: antimicrobial prescribing,https://www.nice.org.uk/guidance/ng190
 (NICE NG190 2021),https://www.nice.org.uk/guidance/ng190
Urinary tract infection (recurrent): antimicrobial prescribing,https://www.nice.org.uk/guidance/ng112
Prophylaxis against infective endocarditis: antimicrobial prophylaxis against infective endocarditis in adults and children undergoing interventional procedures (NICE CG64 updated 2016),https://www.nice.org.uk/guidance/cg64
Preventing unintentional injury in under 15s (NICE QS107 2016),https://www.nice.org.uk/guidance/qs107
COVID-19 rapid guideline: managing COVID-19 (NICE NG191 2024),https://www.nice.org.uk/guidance/ng187
COVID-19 rapid guideline: managing the long-term effects of COVID-19 (NICE NG188 2024),https://www.nice.org.uk/guidance/ng188
COVID-19 rapid guideline: reducing the risk of venous thromboembolism in over 16s with COVID-19 (NICE NG186 2020),https://www.nice.org.uk/guidance/ng186
Intravenous fluid therapy in children and young people in hospital (NICE NG29 2015),https://www.nice.org.uk/guidance/ng29
Intravenous fluid therapy in children and young people in hospital (NICE QS131 2016),https://www.nice.org.uk/guidance/qs131
Jaundice in newborn babies under 28 days (NICE CG98 updated 2016),https://www.nice.org.uk/guidance/cg98
Jaundice in newborn babies under 28 days (NICE QS57 2014),https://www.nice.org.uk/guidance/qs57
Behaviour change: digital and mobile health interventions (NICE NG183 2020),https://www.nice.org.uk/guidance/NG183
Challenging behaviour and learning disabilities: prevention and interventions for people with learning disabilities whose behaviour challenges (NICE NG11 2015),https://www.nice.org.uk/guidance/ng11
Decision-making and mental capacity (NICE QS194 2020),https://www.nice.org.uk/guidance/qs194
Learning disabilities and behaviour that challenges: service design and delivery (NICE NG93 2018),https://www.nice.org.uk/guidance/NG93
Learning disability: behaviour that challenges (NICE QS101 2019),https://www.nice.org.uk/guidance/qs101
Meningitis (bacterial) and meningococcal,https://www.nice.org.uk/guidance/ng240
Sepsis (NICE QS161 2017),https://www.nice.org.uk/guidance/qs161
Sepsis: recognition diagnosis and early management (NICE NG51 updated 2017),https://www.nice.org.uk/guidance/ng51
Heavy menstrual bleeding (NICE QS47 2020),https://www.nice.org.uk/guidance/qs47
Heavy menstrual bleeding: assessment and management (NICE NG88 updated 2021),https://www.nice.org.uk/guidance/ng88
Endometriosis: diagnosis and management ,https://www.nice.org.uk/guidance/ng73
Antenatal and postnatal mental health: clinical management and service guidance (NICE CG193 updated 2020),https://www.nice.org.uk/guidance/cg192
Antisocial behaviour and conduct disorders in children and young people (NICE QS59 2014),https://www.nice.org.uk/guidance/qs59
Antisocial behaviour and conduct disorders in children and young people: recognition and management (NICE CG158 updated 2017),https://www.nice.org.uk/guidance/cg158
Antisocial personality disorder: prevention and management (NICE CG77 reviewed 2018),https://www.nice.org.uk/guidance/cg77
Bipolar disorder psychosis and schizophrenia in children and young people (NICE QS102 2015),https://www.nice.org.uk/guidance/qs102
Bipolar disorder: assessment and management (NICE CG185 updated 2020),https://www.nice.org.uk/guidance/cg185
Borderline personality disorder: recognition and management (NICE CG78 reviewed 2018),https://www.nice.org.uk/guidance/cg78
Challenging behaviour and learning disabilities: prevention and interventions for people with learning disabilities whose behaviour challenges (NICE NG11 2015),https://www.nice.org.uk/guidance/ng11
Children’s attachment: attachment in children and young people who are adopted from care in care or at high risk of going into care (NICE NG26 2015),https://www.nice.org.uk/guidance/ng26
Coexisting severe mental illness (psychosis) and substance misuse: assessment and management in healthcare settings (NICE CG120 reviewed 2016),https://www.nice.org.uk/guidance/cg120
Coexisting severe mental illness and substance misuse (NICE QS188 2019),https://www.nice.org.uk/guidance/qs188
Decision-making and mental capacity (NICE QS194 2020),https://www.nice.org.uk/guidance/qs194
Depression in children and young people (NICE QS48 reviewed 2015),https://www.nice.org.uk/guidance/qs48
Depression in children and young people: identification and management (NICE NG134 2019),https://www.nice.org.uk/guidance/ng134
Drug misuse in over 16s: opioid detoxification (NICE CG52 reviewed 2019),https://www.nice.org.uk/guidance/cg52
Drug misuse in over 16s: psychosocial interventions (NICE CG51 reviewed 2016),https://www.nice.org.uk/guidance/cg51
Drug misuse prevention (NICE QS165 2018),https://www.nice.org.uk/guidance/qs165
Eating disorders (NICE QS175 2018),https://www.nice.org.uk/guidance/qs175
Eating disorders: recognition and treatment (NICE NG69 updated 2020),https://www.nice.org.uk/guidance/ng69
Learning disabilities and behaviour that challenges: service design and delivery (NICE NG93 2018),https://www.nice.org.uk/guidance/NG93
Learning disability: behaviour that challenges (NICE QS101 2019),https://www.nice.org.uk/guidance/qs101
Personality disorders: borderline and antisocial (NICE QS88 2015),https://www.nice.org.uk/guidance/qs88
Post-traumatic stress disorder (NICE NG116 2018),https://www.nice.org.uk/guidance/ng116
Psychosis and schizophrenia in children and young people: recognition and management (NICE CG155 updated 2016),https://www.nice.org.uk/guidance/cg155
Self-harm (NICE QS34 2013),https://www.nice.org.uk/guidance/qs34
Self-harm,https://www.nice.org.uk/guidance/cg16
: assessment management and preventing recurrence (NICE NG225 2022),https://www.nice.org.uk/guidance/ng225
Suicide prevention (NICE QS189 2019),https://www.nice.org.uk/guidance/qs189
Transition between inpatient mental health settings and community or care home settings (NICE QS159 2017),https://www.nice.org.uk/guidance/qs159
Violent and aggressive behaviours in people with mental health problems (NICE QS154 2017),https://www.nice.org.uk/guidance/qs154
BTS Quality Standard for Respiratory Management of Children with Neuromuscular Weakness (BTS 2014),https://brit-thoracic.org.uk/quality-improvement/quality-standards/neuromuscular-weakness/
Low back pain and sciatica in over 16s (NICE QS155 2017),https://www.nice.org.uk/guidance/qs155
Low back pain and sciatica in over 16s: assessment and management (NICE NG59 updated ,https://www.nice.org.uk/guidance/ng59
2020),https://www.nice.org.uk/guidance/ng59
Myalgic encephalomyelitis (or encephalopathy)/chronic fatigue syndrome: diagnosis and management (NICE NG206 2021),https://www.rcpch.ac.uk/news-events/news/member-briefing-nice-guideline-me-cfs
Antenatal and postnatal mental health: clinical management and service guidance (NICE CG192 updated 2020),https://www.nice.org.uk/guidance/cg192
Antenatal care (NICE NG201 2021),https://www.nice.org.uk/guidance/ng201
Antenatal care (NICE QS22 updated 2021),https://www.nice.org.uk/guidance/qs22
Antenatal care for uncomplicated pregnancies (NICE CG62 updated 2019),https://www.nice.org.uk/guidance/cg62
Developmental follow-up of children and young people born preterm (NICE NG72 2017),https://www.nice.org.uk/guidance/ng72
Developmental follow-up of children and young people born preterm (NICE QS169 2018),https://www.nice.org.uk/guidance/qs169
Diabetes in pregnancy: management from preconception to the postnatal period (NICE NG3 updated 2020),https://www.nice.org.uk/guidance/ng3
Diagnosis of death by neurological criteria (DNC) in infants children and adolescents&nbsp;,https://www.rcpch.ac.uk/resources/diagnosis-death-neurological-criteria-dnc-infants-less-two-months-old-clinical-guideline
Donor milk banks: service operation (NICE CG93 reviewed 2018),https://www.nice.org.uk/guidance/cg93
Intrapartum care (NICE NG235 2023),https://www.nice.org.uk/guidance/ng235
Intrapartum care for women with existing medical conditions or obstetric complications and their babies (NICE NG121 2019),https://www.nice.org.uk/guidance/ng121
Intrapartum care: existing medical conditions and obstetric complications (NICE QS192 2020),https://www.nice.org.uk/guidance/qs192
Jaundice in newborn babies under 28 days (NICE CG98 updated 2016),https://www.nice.org.uk/guidance/cg98
Jaundice in newborn babies under 28 days (NICE QS57 2014),https://www.nice.org.uk/guidance/qs57
Neonatal infection: antibiotics for prevention and treatment,https://www.nice.org.uk/guidance/ng193
 (NICE NG195 2021),https://www.nice.org.uk/guidance/ng195
Neonatal infection (NICE QS75 2024),https://www.nice.org.uk/guidance/qs75
Neonatal parenteral nutrition (NICE NG154 2020),https://www.nice.org.uk/guidance/ng154
Neonatal parenteral nutrition (NICE QS205 2022),https://www.nice.org.uk/guidance/qs205
Occupational therapy in neonatal services and early intervention (RCOT 2022),https://www.rcot.co.uk/practice-resources/rcot-publications/downloads/neonatal-services
Palate examination: Identification of cleft palate in the newborn (RCPCH 2015),https://www.rcpch.ac.uk/resources/palate-examination-identification-cleft-palate-newborn-best-practice-guide
Postnatal care (NICE QS37 updated 2022),https://www.nice.org.uk/guidance/qs37
Postnatal care (NICE NG194 2021),https://www.nice.org.uk/guidance/ng194
Practical guidance for the management of palliative care on neonatal units (Chelsea and Westminster Hospital NHS Foundation Trust 2014),http://www.chelwest.nhs.uk/services/childrens-services/neonatal-services/links/Practical-guidance-for-the-management-of-palliative-care-on-neonatal-units-Feb-2014.pdf/view
Preterm labour and birth (NICE QS135 updated 2019),https://www.nice.org.uk/guidance/qs135
Preterm labour and birth (NICE NG25 updated 2022),https://www.nice.org.uk/guidance/ng25
Prevention of early-onset neonatal group B streptococcal disease (RCOG 2017),https://www.rcog.org.uk/en/guidelines-research-services/guidelines/gtg36/
Retinopathy of prematurity: Screening,https://www.rcpch.ac.uk/rop
Retinopathy of prematurity: Treatment (RCOphth 2022),https://www.rcophth.ac.uk/resources-listing/uk-retinopathy-of-prematurity-guideline/
Specialist neonatal respiratory care for babies born preterm (NICE NG124 2019),https://www.nice.org.uk/guidance/ng124
Specialist neonatal respiratory care for babies born preterm (NICE QS193 2020),https://www.nice.org.uk/guidance/qs193
Acute kidney injury: prevention detection and management (NICE NG148 updated 2024),https://www.nice.org.uk/guidance/ng148
Acute kidney injury (NICE QS76 updated 2023),https://www.nice.org.uk/guidance/qs76
Bedwetting in children and young people (NICE QS70 2014),https://www.nice.org.uk/guidance/qs70
Bedwetting in under 19s (NICE CG111 reviewed 2018),https://www.nice.org.uk/guidance/cg111
Children’s continence commissioning guide: a handbook for the commissioning and running of children’s community continence services (The Paediatric Continence Forum Update 2019),https://www.bbuk.org.uk/wp-content/uploads/2019/12/PCF-Childrens-Continence-Commissioning-Guide-Dec-2019.pdf
Chronic kidney disease: assessment and management (NICE NG203 2021),https://www.nice.org.uk/guidance/ng203
Chronic kidney disease: managing anaemia (NICE NG8 reviewed 2017),https://www.nice.org.uk/guidance/ng8
Initial management of IgA vasculitis (Henoch Schönlein Purpura) in children and young people,https://ukkidney.org/sites/renal.org/files/R2vFINAL_IgA%20vasculitis%20-%20initial%20management220523.pdf
Renal and ureteric stones: assessment and management (NICE NG118 2019),https://www.nice.org.uk/guidance/ng118
Renal and ureteric stones (NICE QS195 2020),https://www.nice.org.uk/guidance/qs195
Renal replacement therapy and conservative management (NICE NG107 2018),https://www.nice.org.uk/guidance/ng107
Urinary incontinence in neurological disease: assessment and management (NICE CG148 reviewed 2019),https://www.nice.org.uk/guidance/cg148
Urinary tract infection (catheter-associated): antimicrobial prescribing (NICE NG113 2018),https://www.nice.org.uk/guidance/ng113
Urinary tract infection (lower): antimicrobial prescribing (NICE NG109 2018),https://www.nice.org.uk/guidance/ng109
Urinary tract infection (recurrent): antimicrobial prescribing,https://www.nice.org.uk/guidance/ng112
Urinary tract infection in children and young people (NICE QS36 updated 2017),https://www.nice.org.uk/guidance/qs36
Urinary tract infection in under 16s: diagnosis and management (NICE CG54 updated 2018),https://www.nice.org.uk/guidance/cg54
Urinary tract infection in under 16s: diagnosis and management (NICE NG224 2022),https://www.nice.org.uk/guidance/ng224
Assessment diagnosis and interventions for autism spectrum disorders (SIGN 145 2016),https://www.sign.ac.uk/our-guidelines/assessment-diagnosis-and-interventions-for-autism-spectrum-disorders/
Attention deficit hyperactivity disorder (NICE QS39 updated 2018),https://www.nice.org.uk/guidance/qs39
Attention deficit hyperactivity disorder: diagnosis and management (NICE NG87 updated 2019),https://www.nice.org.uk/guidance/ng87
Autism (NICE QS51 2014),https://www.nice.org.uk/guidance/qs51
Autism spectrum disorder in under 19s: recognition referral and diagnosis (NICE CG128 updated 2021),https://www.nice.org.uk/guidance/cg128
Autism spectrum disorder in under 19s: support and management (NICE CG170 updated 2021,https://www.nice.org.uk/guidance/cg170
Brain pathways guideline: a guideline to assist healthcare professionals in the assessment of children who may have a brain tumour (Headsmart v2 updated 2017),https://www.headsmart.org.uk/clinical/clinical-guideline/
Cerebral palsy in children and young people (NICE QS162 2017),https://www.nice.org.uk/guidance/qs162
Cerebral palsy in under 25s: assessment and management (NICE NG62 2017),https://www.nice.org.uk/guidance/ng62
Challenging behaviour and learning disabilities: prevention and interventions for people with learning disabilities whose behaviour challenges (NICE NG11 2015),https://www.nice.org.uk/guidance/ng11
Diagnosis of death by neurological criteria (DNC) in infants children and adolescents&nbsp;,https://www.rcpch.ac.uk/resources/diagnosis-death-neurological-criteria-dnc-infants-less-two-months-old-clinical-guideline
Diagnosis and management of pituitary adenomas in childhood and adolescence,https://www.cclg.org.uk/guidelines/pituitary-adenomas
End of life care for infants children and young people with life-limiting conditions: planning and management (NICE NG61 updated 2019),https://www.nice.org.uk/guidance/ng61
Epilepsies: diagnosis and management (NICE CG137 updated 2021),https://www.nice.org.uk/guidance/cg137
Epilepsy in children and young people (NICE QS27 2013),https://www.nice.org.uk/guidance/qs27
Guidelines for the management of children and young people (CYP) aged &lt;19 years with Craniopharyngioma (CCLG 2021),https://www.cclg.org.uk/guidelines/endocrine/craniopharyngioma
Headaches in over 12s (NICE QS42 2013),https://www.nice.org.uk/guidance/qs42
Headaches in over 12s: diagnosis and management ,https://www.nice.org.uk/guidance/cg150
Investigation and management of Idiopathic thickened pituitary stalk (iTPS) and/or idiopathic central diabetes insipidus (CDI) (CCLG 2021),https://www.cclg.org.uk/guidelines/endocrine/TPS-and-CDI
Learning disabilities and behaviour that challenges: service design and delivery (NICE NG93 2018),https://www.nice.org.uk/guidance/NG93
Learning disability: behaviour that challenges (NICE QS101 2019),https://www.nice.org.uk/guidance/qs101
Management of children and young people with an acute decrease in conscious level (RCPCH updated 2019),https://www.rcpch.ac.uk/resources/management-children-young-people-acute-decrease-conscious-level-clinical-guideline
Spasticity in under 19s: management (NICE CG145 updated 2016),https://www.nice.org.uk/guidance/cg145
Stroke and transient ischaemic attack in over 16s: diagnosis and initial management (NICE NG128 2019),https://www.nice.org.uk/guidance/ng128
Stroke in childhood: clinical guideline for diagnosis management and rehabilitation (RCPCH 2017),https://www.rcpch.ac.uk/resources/stroke-childhood-clinical-guideline-diagnosis-management-rehabilitation
Suspected neurological conditions: recognition and referral (NICE NG127 2019),https://www.nice.org.uk/guidance/ng127
Suspected neurological conditions: recognition and referral (NICE QS198 2021),https://www.nice.org.uk/guidance/qs198
Urinary incontinence in neurological disease: assessment and management (NICE CG148 reviewed 2019),https://www.nice.org.uk/guidance/cg148
Faltering growth (NICE QS197 2020),https://www.nice.org.uk/guidance/qs197
Faltering growth: recognition and management of faltering growth in children (NICE NG75 2017),https://www.nice.org.uk/guidance/ng75
Maternal and child nutrition: nutrition and weight management in pregnancy&nbsp;and nutrition in children up to 5 years,https://www.nice.org.uk/guidance/ng247
Neonatal parenteral nutrition (NICE NG154 2020),https://www.nice.org.uk/guidance/ng154
Vitamin B12 deficiency in over 16s: diagnosis and management&nbsp;,https://www.nice.org.uk/guidance/ng239
Overweight and obesity management ,https://www.nice.org.uk/guidance/ng246
Overweight and obesity management ,https://www.nice.org.uk/guidance/qs212
Obesity in children and young people: prevention and lifestyle weight management programmes (NICE QS94 2015),https://www.nice.org.uk/guidance/qs94
Obesity: clinical assessment and management (NICE QS127 2016),https://www.nice.org.uk/guidance/qs127
Brain pathways guideline: a guideline to assist healthcare professionals in the assessment of children who may have a brain tumour (Headsmart v2 updated 2017),https://www.headsmart.org.uk/clinical/clinical-guideline/
Blood transfusion (NICE NG24 reviewed 2020),https://www.nice.org.uk/guidance/ng24
Blood transfusion (NICE QS138 2016),https://www.nice.org.uk/guidance/qs138
Cancer services for children and young people (NICE QS55 2014),https://www.nice.org.uk/guidance/qs55
Diagnosis and management of pituitary adenomas in childhood and adolescence,https://www.cclg.org.uk/guidelines/pituitary-adenomas
End of life care for infants children and young people with life-limiting conditions: planning and management (NICE NG61 updated 2019),https://www.nice.org.uk/guidance/ng61
Guidelines for the management of children and young people (CYP) aged &lt;19 years with Craniopharyngioma (CCLG 2021),https://www.cclg.org.uk/guidelines/endocrine/craniopharyngioma
Haematological cancers (NICE QS150 2017),https://www.nice.org.uk/guidance/qs150
Investigation and management of Idiopathic thickened pituitary stalk (iTPS) and/or idiopathic central diabetes insipidus (CDI) (CCLG 2021),https://www.cclg.org.uk/guidelines/endocrine/TPS-and-CDI
Long term follow up of survivors of childhood cancer (SIGN 132 2013),https://www.sign.ac.uk/our-guidelines/long-term-follow-up-of-survivors-of-childhood-cancer/
Melanoma: assessment and management (NICE NG14 updated 2022),https://www.nice.org.uk/guidance/ng14
Neutropenic sepsis: prevention and management in people with cancer (NICE CG151 reviewed 2020),https://www.nice.org.uk/guidance/cg151
Sickle cell disease (NICE QS58 2014),https://www.nice.org.uk/guidance/qs58
Skin cancer (NICE QS130 2016),https://www.nice.org.uk/guidance/qs130
Suspected cancer (NICE QS124 updated 2017),https://www.nice.org.uk/guidance/qs124
Suspected cancer: recognition and referral (NICE NG12 updated 2021),https://www.nice.org.uk/guidance/ng12
Retinopathy of prematurity: Screening,https://www.rcpch.ac.uk/rop
Retinopathy of prematurity: Treatment (RCOphth 2022),https://www.rcophth.ac.uk/resources-listing/uk-retinopathy-of-prematurity-guideline/
Serious eye disorders (NICE QS180 2019),https://www.nice.org.uk/guidance/qs180
Fractures (complex): assessment and management (NICE NG37 updated 2022),https://www.nice.org.uk/guidance/ng37
Fractures (non-complex): assessment and management (NICE NG38 reviewed 2018),https://www.nice.org.uk/guidance/ng38
Spinal injury: assessment and initial management (NICE NG41 2016),https://www.nice.org.uk/guidance/ng41
Chronic pain (primary and secondary) in over 16s: assessment of all chronic pain and management of chronic primary pain,https://www.nice.org.uk/guidance/NG191
 (NICE NG193 2021),https://www.nice.org.uk/guidance/ng193
Practical guidance for the management of palliative care on neonatal units (Chelsea and Westminister Hospital NHS Foundation Trust 2014),https://www.chelwest.nhs.uk/services/childrens-services/neonatal-services/links/Practical-guidance-for-the-management-of-palliative-care-on-neonatal-units-Feb-2014.pdf/view
Antisocial personality disorder: prevention and management (NICE CG77 reviewed 2018),https://www.nice.org.uk/guidance/cg77
Borderline personality disorder: recognition and management (NICE CG78 reviewed 2018),https://www.nice.org.uk/guidance/cg78
Personality disorders: borderline and antisocial (NICE QS88 2015),https://www.nice.org.uk/guidance/qs88
Cannabis-based medicinal products (NICE NG144 updated 2021),https://www.nice.org.uk/guidance/ng144
Medicines adherence: involving patients in decisions about prescribed medicines and supporting adherence (NICE CG76 reviewed 2019),https://www.nice.org.uk/guidance/cg76
Otitis media (acute): antimicrobial prescribing (NICE NG91 2018),https://www.nice.org.uk/guidance/NG91
Thyroid disease: assessment and management (NICE NG145 2019),https://www.nice.org.uk/guidance/ng145
Medication safety: Best practice for effective paediatric ward rounds (Clinical Practice Guideline RCPCH/NPPG Joint Standing Committee on Medicines 2023)&nbsp;,https://www.rcpch.ac.uk/resources/medication-safety-clinical-practice-guideline
Air pollution: outdoor air quality and health (NICE NG70 2017),https://www.nice.org.uk/guidance/ng70
Air pollution: outdoor air quality and health (NICE QS181 2019),https://www.nice.org.uk/guidance/qs181
Postnatal care (NICE QS37 updated 2022),https://www.nice.org.uk/guidance/qs37
Postnatal care (NICE NG194 2021),https://www.nice.org.uk/guidance/ng194
Pressure ulcers (NICE QS89 2015),https://www.nice.org.uk/guidance/qs89
Pressure ulcers: prevention and management (NICE CG179 reviewed 2018),https://www.nice.org.uk/guidance/cg179
Bipolar disorder psychosis and schizophrenia in children and young people (NICE QS102 2015),https://www.nice.org.uk/guidance/qs102
Coexisting severe mental illness (psychosis) and substance misuse: assessment and management in healthcare settings (NICE CG120 reviewed 2016),https://www.nice.org.uk/guidance/cg120
Psychosis and schizophrenia in children and young people: recognition and management (NICE CG155 updated 2016),https://www.nice.org.uk/guidance/cg155
Post-traumatic stress disorder (NICE NG116 2018),https://www.nice.org.uk/guidance/ng116
Air pollution: outdoor air quality and health (NICE NG70 2017),https://www.nice.org.uk/guidance/ng70
Air pollution: outdoor air quality and health (NICE QS181 2019),https://www.nice.org.uk/guidance/qs181
Behaviour change: digital and mobile health interventions (NICE NG183 2020),https://www.nice.org.uk/guidance/NG183
Community engagement: improving health and wellbeing (NICE QS148 2017),https://www.nice.org.uk/guidance/qs148
Early years - promoting health and wellbeing in under 5s (NICE QS128 2016),https://www.nice.org.uk/guidance/qs128
Healthcare-associated infections: prevention and control in primary and community care (NICE CG139 updated 2017),https://www.nice.org.uk/guidance/cg139
Immunisations: reducing differences in uptake in under 19s (NICE PH21 updated 2017),https://www.nice.org.uk/guidance/ph21
Obesity: clinical assessment and management (NICE QS127 2016),https://www.nice.org.uk/guidance/qs127
Obesity in children and young people: prevention and lifestyle weight management programmes (NICE QS94 2015),https://www.nice.org.uk/guidance/qs94
Physical activity and the environment (NICE NG90 2018),https://www.nice.org.uk/guidance/ng90
Physical activity: encouraging activity in the community (NICE QS183 2019),https://www.nice.org.uk/guidance/qs183
Preventing unintentional injury in under 15s (NICE QS107 2016),https://www.nice.org.uk/guidance/qs107
Social emotional and mental wellbeing in primary and secondary education (NICE NG223 2022),https://www.nice.org.uk/guidance/ng223
Vitamin D: supplement use in specific population groups (NICE PH56 updated 2017),https://www.nice.org.uk/guidance/ph56
Transition from children's to adults' services,https://www.nice.org.uk/guidance/qs140
Asthma (NICE QS25 updated 2018),https://www.nice.org.uk/guidance/qs25
Asthma: diagnosis monitoring and chronic asthma management (NICE NG80 updated 2021),https://www.nice.org.uk/guidance/ng80
British Guideline on the management of asthma (SIGN 158 updated 2019),https://www.sign.ac.uk/our-guidelines/british-guideline-on-the-management-of-asthma/
Bronchiolitis in Children (NICE QS122 2016),https://www.nice.org.uk/guidance/qs122
Bronchiolitis in children: diagnosis and management (NICE NG9 updated 2021),https://www.nice.org.uk/guidance/ng9
BTS Quality Standard for Respiratory Management of Children with Neuromuscular Weakness (BTS 2014),https://brit-thoracic.org.uk/quality-improvement/quality-standards/neuromuscular-weakness/
COVID-19 rapid guideline: managing COVID-19 (NICE NG191 2024),https://www.nice.org.uk/guidance/ng187
COVID-19 rapid guideline: managing the long-term effects of COVID-19 (NICE NG188 2024),https://www.nice.org.uk/guidance/ng188
Cystic fibrosis (NICE QS168 2018),https://www.nice.org.uk/guidance/qs168
Cystic fibrosis: diagnosis and management (NICE NG78 2017),https://www.nice.org.uk/guidance/ng78
Obstructive sleep apnoea/hypopnoea syndrome and obesity hypoventilation syndrome in over 16s (NICE NG202 2021),https://www.nice.org.uk/guidance/ng202
Specialist neonatal respiratory care for babies born preterm (NICE NG124 2019),https://www.nice.org.uk/guidance/ng124
Specialist neonatal respiratory care for babies born preterm (NICE QS193 2020),https://www.nice.org.uk/guidance/qs193
Tuberculosis (NICE NG33 updated 2019),https://www.nice.org.uk/guidance/ng33
Tuberculosis (NICE QS141 2017),https://www.nice.org.uk/guidance/qs141
Abusive head trauma and the eye in infancy (RCPCH-RCOphth 2023),https://www.rcophth.ac.uk/resources-listing/abusive-head-trauma-and-the-eye-in-infancy/
Child abuse and neglect (NICE NG76 2017),https://www.nice.org.uk/guidance/ng76
Child abuse and neglect (NICE QS179 2019),https://www.nice.org.uk/guidance/qs179
Child maltreatment: when to suspect maltreatment in under 18s (NICE CG89 updated 2019),https://www.nice.org.uk/guidance/cg89
Looked-after children and young people (NICE PH28 reviewed 2017),https://www.nice.org.uk/guidance/ph28
Looked-after children and young people (NICE QS31 2013),https://www.nice.org.uk/guidance/qs31
Physical signs of child sexual abuse (RCPCH 2015),https://www.rcpch.ac.uk/shop-publications/physical-signs-child-sexual-abuse-evidence-based-review
Radiological investigation of suspected physical abuse in children (Royal College of Radiologists 2017),https://www.rcr.ac.uk/publication/radiological-investigation-suspected-physical-abuse-children
Sedation in under 19s: using sedation for diagnostic and therapeutic procedures (NICE CG112 reviewed 2018),https://www.nice.org.uk/guidance/cg112
Self-harm (NICE QS34 2013),https://www.nice.org.uk/guidance/qs34
Self-harm: assessment management and preventing reoccurrence (NICE NG225 2022),https://www.nice.org.uk/guidance/ng225
Self-harm in over 8s: long-term management (NICE CG133 reviewed 2019),https://www.nice.org.uk/guidance/cg133
Suicide prevention (NICE QS189 2019),https://www.nice.org.uk/guidance/qs189
Neutropenic sepsis: prevention and management in people with cancer (NICE CG151 reviewed 2020),https://www.nice.org.uk/guidance/cg151
Sepsis (NICE QS161 2017),https://www.nice.org.uk/guidance/qs161
Sepsis: recognition diagnosis and early management (NICE NG51 updated 2024),https://www.nice.org.uk/guidance/ng51
Physical signs of child sexual abuse - evidence-based review (RCPCH 2015),https://www.rcpch.ac.uk/shop-publications/physical-signs-child-sexual-abuse-evidence-based-review
Harmful sexual behaviour among children and young people (NICE NG55 2016),https://www.nice.org.uk/guidance/ng55
Sickle cell disease (NICE QS58 2014),https://www.nice.org.uk/guidance/qs58
Tobacco: treating dependence (NICE QS207 2022),https://www.nice.org.uk/guidance/qs207
Spasticity in under 19s: management (NICE CG145 updated 2016),https://www.nice.org.uk/guidance/cg145
Spinal injury: assessment and initial management (NICE NG41 2016),https://www.nice.org.uk/guidance/ng41
Stroke and transient ischaemic attack in over 16s: diagnosis and initial management (NICE NG128 2019),https://www.nice.org.uk/guidance/ng128
Stroke in childhood: clinical guideline for diagnosis management and rehabilitation (RCPCH 2017),https://www.rcpch.ac.uk/resources/stroke-childhood-clinical-guideline-diagnosis-management-rehabilitation
Coexisting severe mental illness and substance misuse (NICE QS188 2019),https://www.nice.org.uk/guidance/qs188
Coexisting severe mental illness (psychosis) and substance misuse: assessment and management in healthcare settings (NICE CG120 reviewed 2016),https://www.nice.org.uk/guidance/cg120
Drug misuse in over 16s: opioid detoxification (NICE CG52 reviewed 2019),https://www.nice.org.uk/guidance/cg52
Drug misuse in over 16s: psychosocial interventions (NICE CG51 reviewed 2016),https://www.nice.org.uk/guidance/cg51
Drug misuse prevention (NICE QS165 2018),https://www.nice.org.uk/guidance/qs165
Crohn’s disease: management (NICE NG129 updated 2019),https://www.nice.org.uk/guidance/ng129
Major trauma: assessment and initial management (NICE NG39 2016),https://www.nice.org.uk/guidance/ng39
Major trauma: service delivery (NICE NG40 2016),https://www.nice.org.uk/guidance/ng40
Pancreatitis (NICE NG104 updated 2020),https://www.nice.org.uk/guidance/ng104
Renal and ureteric stones: assessment and management (NICE NG118 2019),https://www.nice.org.uk/guidance/ng118
Renal and ureteric stones (NICE QS195 2020),https://www.nice.org.uk/guidance/qs195
Renal replacement therapy and conservative management (NICE NG107 2018),https://www.nice.org.uk/guidance/ng107
Surgical site infections: prevention and treatment (NICE NG125 2020),https://www.nice.org.uk/guidance/ng125
Trauma (NICE QS166 2018),https://www.nice.org.uk/guidance/qs166
Ulcerative colitis: management (NICE NG130 2019),https://www.nice.org.uk/guidance/ng130
Transition from children’s to adults' services (NICE QS140 2023),https://www.nice.org.uk/guidance/qs140
Transition from children’s to adults' services for young people using health or social care services (NICE NG43 2016),https://www.nice.org.uk/guidance/ng43
Organ donation for transplantation: improving donor identification and consent rates for deceased organ donation (NICE CG135 updated 2016),https://www.nice.org.uk/guidance/cg135
Tuberculosis (NICE NG33 updated 2019),https://www.nice.org.uk/guidance/ng33
Tuberculosis (NICE QS141 2017),https://www.nice.org.uk/guidance/qs141
Bedwetting in children and young people (NICE QS70 2014),https://www.nice.org.uk/guidance/qs70
Bedwetting in under 19s (NICE CG111 reviewed 2018),https://www.nice.org.uk/guidance/cg111
Renal and ureteric stones: assessment and management (NICE NG118 2019),https://www.nice.org.uk/guidance/ng118
Renal and ureteric stones (NICE QS195 2020),https://www.nice.org.uk/guidance/qs195
Renal replacement therapy and conservative management (NICE NG107 2018),https://www.nice.org.uk/guidance/ng107
Urinary incontinence in neurological disease: assessment and management (NICE CG148 reviewed 2019),https://www.nice.org.uk/guidance/cg148
Urinary tract infection (catheter-associated): antimicrobial prescribing (NICE NG113 2018),https://www.nice.org.uk/guidance/ng113
Urinary tract infection (lower): antimicrobial prescribing (NICE NG109 2018),https://www.nice.org.uk/guidance/ng109
Urinary tract infection (recurrent): antimicrobial prescribing,https://www.nice.org.uk/guidance/ng112
Urinary tract infection in children and young people (NICE QS36 updated 2022),https://www.nice.org.uk/guidance/qs36
Urinary tract infection in under 16s: diagnosis and management (NICE CG54 updated 2018),https://www.nice.org.uk/guidance/cg54